{
 "2": 0.11791044776119403,
 "К": 0.09104477611940298,
 "Ь": 0.08955223880597014,
 "t": 0.06865671641791045,
 "Ы": 0.06119402985074627,
 "r": 0.05970149253731343,
 "Д": 0.05970149253731343,
 ">": 0.05373134328358209,
 "О": 0.05223880597014925,
 " ": 0.04029850746268657,
 "<": 0.03880597014925373,
 "Б": 0.026865671641791045,
 "Й": 0.025373134328358207,
 "1": 0.023880597014925373,
 "Я": 0.023880597014925373,
 "\n": 0.020895522388059702,
 "Ч": 0.020895522388059702,
 "М": 0.01791044776119403,
 "0": 0.01791044776119403,
 "a": 0.010447761194029851,
 "А": 0.010447761194029851,
 "Х": 0.010447761194029851,
 "Л": 0.008955223880597015,
 "8": 0.007462686567164179,
 "Е": 0.007462686567164179,
 "c": 0.007462686567164179,
 ",": 0.005970149253731343,
 "3": 0.005970149253731343,
 ".": 0.004477611940298508,
 "b": 0.004477611940298508,
 "9": 0.0029850746268656717,
 "Ф": 0.0014925373134328358,
 "?": 0.0014925373134328358
}